w,sigma,u,e,material
942477796.0769379,0.0,1.2566370614359173e-06,8.841941282883075e-12,Perfecto
6283185.307179586,0.0,1.2566370614359173e-06,7.161972439135292e-10,Perfecto
62831853.071795866,0.0,5.026548245743669e-06,7.957747154594768e-11,Perfecto
200000000.0,0.0,1.2566370614359173e-06,7.161972439135292e-10,Perfecto
600000000.0,0.0,1.2566370614359173e-06,3.53677651315323e-11,Perfecto
628318530.7179586,0.0,1.2566370614359173e-06,5.039287595353551e-11,Perfecto
62831853.071795866,0.0,1.2566370614359173e-06,1.8141895124219493e-09,Perfecto
12566370614.359173,0.20106192982974677,2.5e-06,3e-11,Perdidas
64000000.0,0.0004992,2.25e-06,9e-12,Perdidas
300000000.0,0.0008699999999999999,2.28e-06,1.07e-11,Perdidas
1500000000.0,1.0610329539459692e-05,1.25663706e-06,1.768388256576615e-11,Perdidas
628318530.7179586,0.025132741228718343,1.25663706e-06,8.1e-10,Perdidas
100000000.0,0.0036279978573240446,2.51327412e-06,7.07355302630646e-11,Perdidas
3141592653.589793,0.01,1.25663706e-06,3.53677651315323e-11,Perdidas
100000000.0,0.0036457092297583495,2.51327412e-06,7.07355302630646e-11,Perdidas
750000000.0,0.1,1.25663706e-06,3.53677651315323e-11,Perdidas
6283185.307179586,0.00011870940849088034,1.25663706e-06,1.090830782496456e-11,Perdidas
62831853.071795866,0.0024886050000000005,1.25663706e-06,3.212277268071421e-11,Perdidas
37699111.84307752,9.333333333333333e-05,1.25663706e-06,3.53677651315323e-11,Perdidas
314159265.3589793,0.0010666666666666667,1.25663706e-06,3.53677651315323e-11,Perdidas
62831853.071795866,1e-06,0.000942477796,4.4209706414415374e-11,Perdidas
50265482.45743669,0.01,1.25663706e-06,1.3262911924324613e-10,Perdidas
50265482.45743669,0.025,1.25663706e-06,1.414710605261292e-10,Perdidas
100000000.0,0.0012019381302299935,1.25663706e-06,1.0185916357881302e-10,Perdidas
900000000.0,4.0,1.25663706e-06,7.07355302630646e-10,Perdidas
628318530.7179586,1e-15,1.25663706e-06,2.7410017976937535e-11,Perdidas
6283185307.179586,1.0,1.13097336e-05,3.53677651315323e-11,Perdidas
15205308443.374598,0.12,1.25663706e-06,4.8630677055856916e-11,Perdidas
12566370614.359173,4.0,1.25663706e-06,2.122065907891938e-10,Perdidas
6283185307.179586,0.000139,1.25663706e-06,2.2104853207207687e-11,Perdidas
75456943.65690613,-0.0002146521446352856,0.000951172842703273,4.212166365022568e-11,Perdidas
1139167766.274182,0.16847870649013102,0.0005805927891106922,7.241590494874337e-11,Perdidas
687928799.3297489,0.09691694810410478,0.0007377973197009528,5.956472222384318e-11,Perdidas
-296434386.01174974,-0.059192709070476135,0.0010807339094414392,3.1530283513575125e-11,Perdidas
2213438485.7924814,0.3388467538064391,0.00020633383418862714,1.0301088969933944e-10,Perdidas
710272785.4577551,0.10046046950585907,0.0007300130277667833,6.0201073845863e-11,Perdidas
1569297501.0777328,0.23669276248154922,0.00043074238166342885,8.466590156318464e-11,Perdidas
1531754079.0177712,0.2307387702617895,0.00044382191706271776,8.359667347706053e-11,Perdidas
1131024532.4818132,0.16718727518251042,0.0005834297631745339,7.218398751008342e-11,Perdidas
1338912482.8625576,0.20015611955615037,0.0005110048840106722,7.810458885960499e-11,Perdidas
317055505.4399128,0.03810034095492121,0.000867003718849533,4.900233551367502e-11,Perdidas
857714668.6073623,0.12384320280431604,0.0006786466039252618,6.440018500527739e-11,Perdidas
1356357866.3313863,0.20292277405232914,0.0005049271878893574,7.86014293966313e-11,Perdidas
1105081149.3026886,0.1630729272321278,0.0005924680282034044,7.144512588207581e-11,Perdidas
1191018204.098458,0.1767016410671607,0.0005625289153405251,7.389259357640769e-11,Perdidas
286010881.55766153,0.03317698983458167,0.0008778191755859224,4.811819171546057e-11,Perdidas
1611257299.446351,0.2433471455750891,0.00041612425049699324,8.586090703796998e-11,Perdidas
1207089447.5505984,0.1792503713966198,0.0005569299479020445,7.435029891958397e-11,Perdidas
2117367921.0766459,0.3236109717844261,0.00023980330188988166,1.0027482195676883e-10,Perdidas
941491557.0755639,0.13712933695955354,0.0006494600588998229,6.678613165593758e-11,Perdidas
777073516.2944286,0.1110543634519302,0.0007067407079904667,6.210354340418172e-11,Perdidas
2030072414.4134908,0.3097668217582965,0.00027021567793210897,9.77886658634962e-11,Perdidas
-318943601.7533603,-0.06276243415265953,0.0010885757647638554,3.0889226189894886e-11,Perdidas
2585522406.758439,0.39785535368821767,7.670567168368089e-05,1.1360775479215328e-10,Perdidas
1415565645.2719007,0.21231250561697057,0.0004843001326537185,8.028765341902105e-11,Perdidas
1597238935.4986346,0.24112398036268093,0.00042100802713305574,8.546166723424435e-11,Perdidas
255828385.92637157,0.02839036319531002,0.000888334280453503,4.72586011329412e-11,Perdidas
305290409.27814007,0.03623452033526531,0.0008711024925702178,4.8667268261893135e-11,Perdidas
1330408494.71972,0.19880747639947383,0.0005139675391935625,7.786239721943253e-11,Perdidas
1156321569.2568974,0.17119911938523846,0.0005746166750264054,7.290444134011614e-11,Perdidas
2143642981.0024562,0.32777792018146185,0.0002306494859199577,1.010231296627739e-10,Perdidas
1722591997.2944336,0.26100365871121384,0.00037733699984766796,8.903169380613369e-11,Perdidas
1329315421.763184,0.1986341265149468,0.0005143483485509562,7.783126675126572e-11,Perdidas
491741190.41567516,0.06580365493594181,0.0008061459846573648,5.397734392717562e-11,Perdidas
513509032.5230851,0.06925580595034536,0.0007985624122021082,5.459728709906828e-11,Perdidas
1753331757.1576734,0.2658786616017521,0.000366627752921409,8.990715514671133e-11,Perdidas
1687020926.0831485,0.25536246060992573,0.000389729399356577,8.801863782173561e-11,Perdidas
2269026395.3099847,0.34766241211940063,0.00018696788429877837,1.0459402066726541e-10,Perdidas
2558734379.571741,0.3936070540740381,8.603819734705659e-05,1.1284483789570926e-10,Perdidas
2781984401.9487066,0.4290121616364414,8.26141488146357e-06,1.1920294754730267e-10,Perdidas
-70169595.25999975,-0.023309490924035725,0.0010019068292801362,3.797425307997144e-11,Perdidas
1848734116.4342966,0.28100847326283435,0.0003333910774435756,9.262419255097751e-11,Perdidas
1792910055.1363215,0.2721553637590526,0.000352839298884679,9.103433603427593e-11,Perdidas
2428316387.6203456,0.3729241310268232,0.00013147376631858162,1.0913056326971417e-10,Perdidas
844883153.3115013,0.12180825931628592,0.0006831169012324888,6.403474638010482e-11,Perdidas
2709942601.7236414,0.4175870891602974,3.335964047121708e-05,1.1715121352975477e-10,Perdidas
1617170564.1327899,0.24428492721577721,0.00041406416245632087,8.602931546577202e-11,Perdidas
2149633298.2114763,0.3287279215425375,0.00022856255399715062,1.0119373252882185e-10,Perdidas
1149505202.5105062,0.17011811524794318,0.0005769913895639233,7.271031277189656e-11,Perdidas
1849633314.2882705,0.2811510765934001,0.0003330778111104418,9.264980150050045e-11,Perdidas
2372035850.2737722,0.3639986292185382,0.000151081016806825,1.0752770641939821e-10,Perdidas
1473232520.9733138,0.2214578661202219,0.0004642099037742522,8.192999286907177e-11,Perdidas
1117194161.2364058,0.16499392363719773,0.0005882480461216957,7.179010169558588e-11,Perdidas
1399375794.124109,0.20974496535335088,0.0004899404211404355,7.98265701557602e-11,Perdidas
1215353184.9772294,0.18056091331434154,0.000554050992274893,7.458564827422716e-11,Perdidas
1945965003.8522696,0.29642827027234386,0.00029951737163549713,9.539330601911123e-11,Perdidas
1734157245.2934945,0.26283778551233555,0.0003733078500710792,8.936106942788273e-11,Perdidas
1975709358.0106266,0.3011454122781468,0.000289154908338415,9.624041843254395e-11,Perdidas
1731670899.5775304,0.26244347720914357,0.00037417405365675353,8.929025886972217e-11,Perdidas
2085431169.0023654,0.3185461385076148,0.0002509295620008199,9.936527055138907e-11,Perdidas
2797592213.966061,0.4314873966102374,2.8238996368384916e-06,1.1964745446905443e-10,Perdidas
1312877195.2665076,0.19602719653100598,0.0005200751670871413,7.736310981479243e-11,Perdidas
1764604619.8400166,0.26766641916412603,0.00036270046557212196,9.022820370141502e-11,Perdidas
2722655468.8322964,0.4196032162926318,2.8930678318844815e-05,1.175132730816525e-10,Perdidas
1090326078.5278156,0.1607329280584966,0.0005976084618647456,7.102490483616141e-11,Perdidas
2158860999.635768,0.3301913380206291,0.0002253477685351242,1.014565353579689e-10,Perdidas
1410740457.886453,0.21154728160233616,0.00048598115174450267,8.015023318425683e-11,Perdidas
882630471.9310081,0.12779458738777566,0.0006699663314915752,6.5109781393679e-11,Perdidas
1350658391.3457544,0.20201889721161467,0.0005069127949742117,7.843910965068308e-11,Perdidas
562626898.5201159,0.07704538335036093,0.000781450523306641,5.599615270515573e-11,Perdidas
2414301824.9714856,0.37070156866046833,0.00013635621864214868,1.0873143172611182e-10,Perdidas
1137464112.7031956,0.1682085249363393,0.0005811863151125109,7.236738528412102e-11,Perdidas
1985340926.2501798,0.3026728777891702,0.0002857994220553931,9.65147232963548e-11,Perdidas
2130393460.9093823,0.3256766855251293,0.00023526540949783955,1.006457863564404e-10,Perdidas
1902701690.296352,0.2895671633678758,0.00031458962690944124,9.416117672948759e-11,Perdidas
1694234891.7851288,0.2565065197634735,0.00038721616762139817,8.822408991740697e-11,Perdidas
1407449293.8016615,0.21102533756315123,0.0004871277413410277,8.0056501582756e-11,Perdidas
2359961068.4850464,0.3620836957127286,0.0001552876801097092,1.0718381939168651e-10,Perdidas
748692490.3509126,0.10655343097468795,0.0007166282092657497,6.129525826695159e-11,Perdidas
1088079803.8508303,0.16037669249933917,0.0005983910284913901,7.096093144636369e-11,Perdidas
2649379608.6471343,0.407982434874735,5.445883091171369e-05,1.1542639331827488e-10,Perdidas
290555303.24271536,0.03389768735951437,0.0008762359708315974,4.8247615807198696e-11,Perdidas
-27363470.531390667,-0.016520889363284275,0.0009869938513741793,3.9193361736205845e-11,Perdidas
531915044.8580189,0.07217480609007604,0.0007921500481530873,5.5121486126813435e-11,Perdidas
1591577582.3875744,0.24022614925067604,0.00042298035315878996,8.53004331905777e-11,Perdidas
2286340053.938337,0.3504081764400889,0.0001809360790318249,1.0508710971091818e-10,Perdidas
628879151.4177184,0.08755229445888668,0.0007583692845833075,5.7883001737030765e-11,Perdidas
1765693377.8524146,0.2678390847438557,0.00036232115947312874,9.025921128095825e-11,Perdidas
497860033.7227998,0.06677403918558117,0.0008040142762715278,5.415160718714486e-11,Perdidas
1288817984.5357516,0.19221165853141453,0.0005284570161878783,7.66779089878082e-11,Perdidas
689565782.4379842,0.09717655642309991,0.0007372270206355664,5.961134312891253e-11,Perdidas
1173320509.042182,0.17389497260458803,0.0005686945128346663,7.338856726299365e-11,Perdidas
900191936.1662624,0.13057965107369374,0.0006638481946642635,6.560992788442266e-11,Perdidas
1443063979.541212,0.216673452470306,0.0004747201472191859,8.107079969895842e-11,Perdidas
58440826.03064346,-0.00291322958905349,0.0009571009893835545,4.1637048506360176e-11,Perdidas
1352273436.0180037,0.20227502632519892,0.000506350138913494,7.848510575410584e-11,Perdidas
1137738856.4328759,0.1682520964047668,0.0005810905987355555,7.237520992279651e-11,Perdidas
-17428646.676445484,-0.014945330698372117,0.0009835327156234499,3.9476303250685725e-11,Perdidas
2502379205.078309,0.38466971559857366,0.00010567145023867382,1.1123985539649636e-10,Perdidas
2442112653.4281845,0.375112073808129,0.00012666736516731122,1.0952347776913874e-10,Perdidas
695214122.1149993,0.09807232374121483,0.000735259228284759,5.977220655294958e-11,Perdidas
2366179703.950257,0.36306990594999067,0.0001531212057118082,1.0736092470952758e-10,Perdidas
-64589979.97259331,-0.022424622571933617,0.0009999629794214448,3.813315924908768e-11,Perdidas
1773837188.9436755,0.26913060760501417,0.0003594839842874691,9.04911451609588e-11,Perdidas
2034197957.3657775,0.3104210895179314,0.0002687784039137859,9.790616038458837e-11,Perdidas
-48462167.2073884,-0.019866920943871935,0.0009943443041275759,3.859247567338077e-11,Perdidas
296589754.4286084,0.0348546879055473,0.0008741336633281654,4.841947559882868e-11,Perdidas
744622804.0857391,0.10590802149866829,0.0007180460236963128,6.11793545315519e-11,Perdidas
2122928612.8432136,0.32449283906497783,0.00023786604468703008,1.0043318918833332e-10,Perdidas
-38419252.659369946,-0.018274220230891758,0.0009908455112862347,3.88784955861137e-11,Perdidas
1660270613.4606922,0.25112014212931766,0.00039904878586131964,8.725679502746796e-11,Perdidas
825411973.9106855,0.11872033487304134,0.0006899003526672602,6.348021163758554e-11,Perdidas
712484951.3462205,0.10081129576958392,0.0007292423441034488,6.026407582515343e-11,Perdidas
1572146410.045228,0.23714456950649704,0.0004297498667661402,8.474703783994683e-11,Perdidas
972328459.7751963,0.14201974568313397,0.0006387169689433427,6.766435960231028e-11,Perdidas
732017943.2140172,0.10390902302054544,0.000722437358181259,6.082037097261562e-11,Perdidas
1157676258.0144224,0.17141395878665527,0.0005741447228551098,7.294302256654746e-11,Perdidas
2308682950.141799,0.3539515249912638,0.00017315216681015568,1.0572343029213591e-10,Perdidas
1218655093.9133637,0.18108456137403894,0.0005529006593418316,7.467968588664033e-11,Perdidas
416795897.04253674,0.0539181189573994,0.0008322557414109841,5.184291908786856e-11,Perdidas
1992951074.5537367,0.3038797673401074,0.00028314816655792576,9.673145858203912e-11,Perdidas
1567953980.954391,0.23647969430815013,0.0004312104428589384,8.462763841690416e-11,Perdidas
1790632143.0138855,0.2717941108335037,0.0003536328874977331,9.096946161725712e-11,Perdidas
9000023.847572803,-0.010754021274652525,0.0009743253841467678,4.0228985751446284e-11,Perdidas
926925895.3604586,0.1348193760724271,0.0006545345054356905,6.637130493678824e-11,Perdidas
1133470838.7682183,0.1675752336529222,0.0005825775086938571,7.225365775443431e-11,Perdidas
2051715644.678335,0.3131992106439324,0.0002626755182750625,9.840506011857137e-11,Perdidas
1030689010.4685931,0.15127511575074298,0.0006183850746504583,6.932645475771161e-11,Perdidas
1977169509.197703,0.30137697691265564,0.00028864621472201587,9.628200320488346e-11,Perdidas
1426428152.4732652,0.21403518511221514,0.0004805158066741004,8.059701514334321e-11,Perdidas
1947153569.5799327,0.2966167643069013,0.0002991032941045646,9.542715609959116e-11,Perdidas
923698222.3019409,0.13430750104282407,0.0006556589757612455,6.627938154521563e-11,Perdidas
1001566030.3396308,0.14665651713639394,0.0006285310610477873,6.849703893472702e-11,Perdidas
1613706589.745053,0.24373557727849415,0.00041527095643355266,8.593066226630962e-11,Perdidas
1142404765.2776515,0.16899206051660326,0.0005794650697731815,7.250809394109833e-11,Perdidas
2303738902.3704624,0.3531674509684525,0.00017487459498246482,1.0558262494072683e-10,Perdidas
2614294657.2603345,0.4024183302692992,6.668187395006707e-05,1.1442718191545842e-10,Perdidas
1108568526.2268875,0.16362598856577204,0.0005912530811520175,7.154444558043201e-11,Perdidas
1321263255.561042,0.1973571375701672,0.0005171535961044068,7.760194289677749e-11,Perdidas
955987804.7447696,0.13942828950842645,0.0006444097951214328,6.719898147891246e-11,Perdidas
-407377329.0541005,-0.07678709401110351,0.0011193846789026292,2.837065383280995e-11,Perdidas
714647227.4138072,0.10115421003197644,0.0007284890412659008,6.032565695373901e-11,Perdidas
2163169095.3471937,0.3308745567295375,0.00022384689601819902,1.0157922893995006e-10,Perdidas
580084637.0972886,0.07981399723689148,0.000775368522860678,5.6493345112846036e-11,Perdidas
2477537892.4580827,0.3807301444579029,0.00011432577128756835,1.1053238048631597e-10,Perdidas
1811245895.8260965,0.2750632354132485,0.0003464513815287543,9.155653658959271e-11,Perdidas
1504475093.5674627,0.22641260982615652,0.00045332548483243654,8.281977420139364e-11,Perdidas
115005714.46133137,0.006057367313114959,0.00093739467546778,4.32480036106118e-11,Perdidas
2032092217.812652,0.31008714135262766,0.00026951201032246106,9.784618940302286e-11,Perdidas
2095797887.6951156,0.32019019115530617,0.00024731796090863016,9.966051233221378e-11,Perdidas
1528036788.8347943,0.2301492471013092,0.0004451169622629135,8.34908059016018e-11,Perdidas
1968704111.0213232,0.30003445371914295,0.0002915954257699645,9.604091059814258e-11,Perdidas
572582221.0209675,0.07862419288510714,0.000777982246151371,5.627967801638957e-11,Perdidas
2293498728.3963795,0.35154346698336714,0.00017844210989293255,1.0529098712458957e-10,Perdidas
2346171392.937562,0.35989679807746233,0.00016009178531833847,1.0679109258137177e-10,Perdidas
1792711758.5272691,0.2721239160006246,0.0003529083822919805,9.102868859213697e-11,Perdidas
1839671811.4645195,0.27957128692438693,0.0003365482413926168,9.23661001750819e-11,Perdidas
-53601773.03633785,-0.020682008419630582,0.0009961348616391093,3.8446100873152304e-11,Perdidas
710793459.3723063,0.10054304291728972,0.0007298316331968908,6.021590252003824e-11,Perdidas
1382971223.832178,0.2071433728898119,0.0004956555143863508,7.935937174031166e-11,Perdidas
2406978266.8160224,0.36954012929543273,0.00013890763065755164,1.0852285846239392e-10,Perdidas
792728755.0182064,0.11353711980298908,0.0007012866700302366,6.254940102770113e-11,Perdidas
2231327568.145323,0.3416837742830846,0.00020010156038255042,1.0352036667925075e-10,Perdidas
2656030192.396645,0.4090371475708288,5.214187255243738e-05,1.1561580042460474e-10,Perdidas
524700736.277421,0.07103069255958272,0.0007946633993417621,5.491602426603736e-11,Perdidas
1204067379.444746,0.17877110315194322,0.000557982788708789,7.426423111010735e-11,Perdidas
733069138.6009445,0.1040757315625962,0.0007220711383078302,6.085030877716396e-11,Perdidas
1202675214.1693528,0.17855032036860846,0.00055846779710712,7.422458256100599e-11,Perdidas
783005163.7761798,0.11199506041078222,0.0007046742156741893,6.2272475369796e-11,Perdidas
1958992173.48627,0.298494242482401,0.0002949789114464309,9.576431683515057e-11,Perdidas
2257865835.682579,0.34589246464142137,0.00019085604703709751,1.0427617047791862e-10,Perdidas
919672950.1470897,0.13366913517798307,0.0006570613170171134,6.616474271353465e-11,Perdidas
2077837516.441303,0.31734186500809436,0.00025357507064208563,9.914900506068372e-11,Perdidas
1989037439.2858984,0.30325910591242855,0.00028451161528521117,9.661999914340471e-11,Perdidas
1806525822.0666797,0.27431468131513315,0.0003480957806920737,9.142210996689205e-11,Perdidas
1437620903.4995892,0.21581023780778474,0.000476616428960731,8.091578213637936e-11,Perdidas
1727335203.5749881,0.26175588138409733,0.00037568454167926876,8.916677923775334e-11,Perdidas
2523586606.5604625,0.3880329866191108,9.828312644736517e-05,1.1184383734737479e-10,Perdidas
1953215256.736592,0.29757808419169307,0.00029699149801899955,9.559979156544844e-11,Perdidas
963630878.4229634,0.1406404006777902,0.0006417470689433649,6.741665447174695e-11,Perdidas
2700708357.8487644,0.41612263511829317,3.657670521971609e-05,1.168882243731092e-10,Perdidas
2312568872.881562,0.3545677915032026,0.00017179837269004427,1.0583410048429972e-10,Perdidas
1410569125.3018184,0.21152011005483376,0.0004860408413114846,8.014535367137528e-11,Perdidas
2028043078.7048292,0.3094449904398473,0.0002709226664478625,9.773087084597195e-11,Perdidas
247845744.6700797,0.027124400176350594,0.0008911153066136848,4.70312573330327e-11,Perdidas
2459560654.707856,0.3778791434615987,0.0001205887570420364,1.1002039286082e-10,Perdidas
1242978278.8782177,0.18494196291322793,0.0005444268457863396,7.537240463952538e-11,Perdidas
1481889944.316702,0.22283084248735682,0.0004611937941903782,8.217655430871445e-11,Perdidas
2362256845.9812818,0.36244778189882676,0.00015448786748253462,1.0724920261047105e-10,Perdidas
1043146092.6633127,0.15325067808360143,0.0006140452239230136,6.968122961367646e-11,Perdidas
1585043131.3406115,0.23918985398084472,0.0004252568527183445,8.511433351709409e-11,Perdidas
849328468.5649123,0.12251323960260391,0.0006815682235939632,6.416134794330361e-11,Perdidas
808996688.3530171,0.11611704308095605,0.0006956191789425542,6.301270805381594e-11,Perdidas
-235868984.08448267,-0.04958767276649628,0.001059633879795376,3.325517232857451e-11,Perdidas
408886043.14274836,0.05266369924830733,0.0008350114096055416,5.161764825525015e-11,Perdidas
1739180367.8744864,0.26363439996901344,0.0003715578734837527,8.950412681181173e-11,Perdidas
1637946416.062549,0.24757975901217297,0.00040682618371448774,8.662100698395531e-11,Perdidas
593621235.944437,0.0819607595668998,0.0007706525855781235,5.6878864356532724e-11,Perdidas
940208505.2073214,0.13692585841599236,0.0006499070539101072,6.674959063175264e-11,Perdidas
952010211.50125,0.13879748501789652,0.0006457955257974882,6.708570053173731e-11,Perdidas
2712327709.562253,0.417965342199983,3.252870656336997e-05,1.1721914085628895e-10,Perdidas
1470225120.051691,0.2209809239368364,0.0004652576347656199,8.184434277765232e-11,Perdidas
2026848193.7935088,0.3092554942491658,0.0002713389454825954,9.769684079658463e-11,Perdidas
1232937972.0939965,0.18334967576418282,0.0005479247301239528,7.508645899530983e-11,Perdidas
1527801151.9231675,0.2301118775632774,0.000445199054441993,8.348409501617328e-11,Perdidas
741398475.3578701,0.10539667684476273,0.00071916932890988,6.10875263857524e-11,Perdidas
1203852434.6376326,0.17873701516424767,0.000558057672085404,7.425810953108973e-11,Perdidas
837990645.8277628,0.12071518005815995,0.0006855181420005636,6.383844934107456e-11,Perdidas
1815016347.9940836,0.27566118950590734,0.0003451378155324594,9.166391820624345e-11,Perdidas
2187832885.5042963,0.33478597467302285,0.000215254420992208,1.0228164805092314e-10,Perdidas
1771053478.0124192,0.2686891403034909,0.0003604537852184712,9.041186570937881e-11,Perdidas
1464527348.169232,0.22007731719038837,0.0004672426485162224,8.168207153569352e-11,Perdidas
1155550073.2041545,0.17107676821841433,0.0005748854520685235,7.28824693087278e-11,Perdidas
-310796952.1840749,-0.06147046113871407,0.0010857376006972743,3.112124090910132e-11,Perdidas
1484209646.5985632,0.22319872289304551,0.0004603856465456868,8.224261889992968e-11,Perdidas
2196800832.3157754,0.3362081967991115,0.0002121301299355126,1.025370531280199e-10,Perdidas
1721086486.1580727,0.2607649004654061,0.000377861496154121,8.898881719279783e-11,Perdidas
1812814576.4371986,0.27531201167394403,0.0003459048779748076,9.16012122551426e-11,Perdidas
1075742434.7591736,0.15842011540664075,0.0006026891730641117,7.060956599223406e-11,Perdidas
2652930779.347188,0.4085456132308633,5.322165911618345e-05,1.1552752984879824e-10,Perdidas
1401914568.0757952,0.21014758822379478,0.0004890559523853274,7.989887385810059e-11,Perdidas
1329192532.7678697,0.198614637611649,0.0005143911611363894,7.782776690074449e-11,Perdidas
1270173491.9710712,0.18925483793327677,0.0005349524629831128,7.614691809758385e-11,Perdidas
1917103760.85284,0.2918511804163166,0.0003095721729499756,9.457134440980036e-11,Perdidas
1636809742.869733,0.24739949458833788,0.0004072221827057122,8.658863479101662e-11,Perdidas
2561887519.974122,0.39410710900759227,8.493969302195788e-05,1.1293463861425681e-10,Perdidas
1835996449.0901284,0.27898841307375677,0.0003378286796063813,9.226142669403623e-11,Perdidas
1874634264.2883167,0.28511596454498683,0.0003243678749192444,9.33618228468002e-11,Perdidas
1126772837.0717013,0.16651300096871707,0.0005849109867170957,7.206290019580301e-11,Perdidas
2352967327.0307693,0.3609745618106759,0.00015772418919453882,1.0698463923229507e-10,Perdidas
841991457.8216481,0.1213496667985074,0.0006841243222785269,6.395239155295743e-11,Perdidas
285694651.78742886,0.03312683911607195,0.000877929345044302,4.8109185563824714e-11,Perdidas
1118811016.6166642,0.16525033991004467,0.0005876847592389006,7.183614936755919e-11,Perdidas
923327969.3762658,0.1342487828195547,0.0006557879660339043,6.626883682645054e-11,Perdidas
1948394359.7842884,0.2968135405946699,0.0002986710223906265,9.54624935212403e-11,Perdidas
1761087925.9157865,0.2671087084623498,0.00036392562620337634,9.012804906159335e-11,Perdidas
1554887454.7987373,0.23440748056733032,0.00043576261423867177,8.425550673611634e-11,Perdidas
1683502087.9662647,0.2548044098617266,0.0003909553069906931,8.791842211579683e-11,Perdidas
1692254269.771963,0.25619241392522996,0.00038790618505487673,8.816768225480523e-11,Perdidas
2758379449.0101953,0.4252686641492057,1.648500774054589e-05,1.1853068387849847e-10,Perdidas
552542019.6479297,0.07544602753654311,0.0007849639358558654,5.57089376580543e-11,Perdidas
609251347.1633797,0.08443953095974022,0.0007652073016437906,5.7324006354453046e-11,Perdidas
2085601170.8283973,0.3185730990107869,0.0002508703360491212,9.937011216456955e-11,Perdidas
2594927030.0065165,0.3993468281084075,7.342924945201158e-05,1.1387559631443645e-10,Perdidas
1044871077.6693149,0.15352424257882874,0.0006134442663860791,6.973035679269638e-11,Perdidas
1900313854.1896605,0.2891884776535423,0.0003154215113028055,9.409317170250155e-11,Perdidas
1340542805.7384856,0.20041467163228946,0.0005104369052650504,7.815102008277928e-11,Perdidas
1700299355.848936,0.2574682800365581,0.0003851034041052329,8.839680446894562e-11,Perdidas
911917377.3407917,0.1324391828290808,0.0006597632361149444,6.594386577122423e-11,Perdidas
909413570.9672356,0.13204210544907724,0.0006606355227180033,6.58725579375231e-11,Perdidas
2017151201.078226,0.30771765310379423,0.0002747172246198467,9.74206726586466e-11,Perdidas
2530147697.1790113,0.38907350664505796,9.59973460817343e-05,1.1203069570977323e-10,Perdidas
2685797122.0922046,0.4137578698196007,4.177154429468313e-05,1.164635557841812e-10,Perdidas
975214107.3707328,0.14247737906842722,0.0006377116548881824,6.774654218680874e-11,Perdidas
2378452199.3398213,0.365016194755252,0.00014884566211247811,1.0771044257543744e-10,Perdidas
1846522435.8808327,0.2806577239681407,0.00033416159202385943,9.25612043939171e-11,Perdidas
1916322270.63863,0.2917272442805058,0.00030984443180013144,9.454908774697591e-11,Perdidas
1492250596.4493961,0.2244739330423727,0.0004575843065919153,8.247162331529422e-11,Perdidas
1304023341.0187433,0.1946230682865992,0.0005231597100962688,7.711095406785387e-11,Perdidas
1042666946.6675386,0.15317469056369953,0.0006142121508217695,6.966758364514389e-11,Perdidas
1382292045.5527997,0.2070356623517371,0.0004958921293740142,7.934002889802527e-11,Perdidas
1693715192.8871384,0.2564241009794236,0.0003873972225109174,8.82092890114807e-11,Perdidas
1375289982.2902122,0.2059252086983347,0.0004983315376454499,7.914061173543366e-11,Perdidas
1140034135.4492562,0.16861610353719814,0.0005802909597708909,7.244057894498861e-11,Perdidas
-74175907.6387248,-0.023944849967618864,0.0010033025652493948,3.7860154218384507e-11,Perdidas
1147016657.1599467,0.16972345810581885,0.0005778583594675564,7.263943956864507e-11,Perdidas
1960070775.8059883,0.29866529747599113,0.0002946031434303992,9.579503518288563e-11,Perdidas
1756160133.513532,0.2663272123702579,0.00036564239126178513,8.998770665938333e-11,Perdidas
1066180543.0546415,0.15690369986188718,0.0006060203851425911,7.033724550022792e-11,Perdidas
1541803243.627691,0.23233246216890938,0.0004403209467985047,8.388287139012904e-11,Perdidas
-158858597.8861704,-0.0373746347665736,0.0010328046773112492,3.544841053991789e-11,Perdidas
1537464403.4201105,0.23164436770598443,0.00044183253021240525,8.375930221191879e-11,Perdidas
655613581.7034416,0.09179209416778589,0.0007490554312338854,5.864439220597544e-11,Perdidas
1990987260.4116988,0.30356832705360204,0.0002838323283945155,9.667552960376856e-11,Perdidas
253022406.84432793,0.02794536439907308,0.0008893118392566042,4.7178687489512365e-11,Perdidas
1227931681.5401707,0.1825557306901368,0.0005496688426988084,7.494388098367043e-11,Perdidas
976411688.7671168,0.14266730289330426,0.0006372944364406334,6.778064903147485e-11,Perdidas
2266453016.3273296,0.34725430125468637,0.00018786440890022975,1.0452073142154608e-10,Perdidas
506672807.2947092,0.06817165246648693,0.0008009440451211651,5.440259296581705e-11,Perdidas
913259274.1395237,0.13265199356025525,0.000659295740460095,6.598208268559054e-11,Perdidas
435934545.4484949,0.05695330747920746,0.0008255881385238399,5.2387983423597516e-11,Perdidas
1941102649.5928826,0.29565715198206466,0.0003012113390782616,9.525482728026536e-11,Perdidas
1826409240.5833802,0.2774679825502092,0.0003411687116589764,9.198838518528481e-11,Perdidas
-345586828.5763335,-0.06698776995076339,0.001097857844267045,3.013043317474033e-11,Perdidas
2277966353.675565,0.3490801955720818,0.00018385334397466997,1.0484862863981494e-10,Perdidas
1557281084.1608694,0.23478708503109927,0.000434928711566593,8.432367675369428e-11,Perdidas
564583935.2688127,0.07735574881350155,0.0007807687226068698,5.6051888664811773e-11,Perdidas
1375036667.497994,0.20588503563420624,0.0004984197885189768,7.913339738800319e-11,Perdidas
996603591.368695,0.1458695264625871,0.0006302598964236223,6.835570980615353e-11,Perdidas
1762785950.2174325,0.26737799727317835,0.00036333406135010435,9.017640840591048e-11,Perdidas
1162643984.884517,0.17220178806570163,0.0005724140452587089,7.308450229328135e-11,Perdidas
2470221932.7355475,0.37956991012448277,0.0001168745361289257,1.1032402362423255e-10,Perdidas
158065950.56620502,0.012886268267853829,0.0009223931691709933,4.4474349300808417e-11,Perdidas
1543409933.971935,0.23258726637386207,0.0004397612012537413,8.392862956419815e-11,Perdidas
1981728487.042009,0.30209998289148476,0.0002870579388316631,9.641184185271275e-11,Perdidas
931536449.708236,0.1355505615427235,0.0006529282611059704,6.650261247165739e-11,Perdidas
1810571419.0056806,0.27495627047716054,0.00034668635860235573,9.153732764378386e-11,Perdidas
2491850006.0057964,0.3829998952700507,0.0001093396569294528,1.1093998621156319e-10,Perdidas
2501566889.1882,0.38454089083449194,0.00010595444826754603,1.1121672082546225e-10,Perdidas
910174752.765275,0.13216282088349102,0.0006603703389993522,6.589423622129303e-11,Perdidas
1575705392.982392,0.23770898680133734,0.0004285099733105635,8.484839686119893e-11,Perdidas
1555527744.1444309,0.23450902372918078,0.0004355395475414109,8.427374203045282e-11,Perdidas
610713505.1898513,0.08467141385788857,0.0007646979088762362,5.73656482811202e-11,Perdidas
2330071902.881919,0.3573435881335126,0.0001657005934274386,1.0633258278137868e-10,Perdidas
2021113418.6157522,0.30834601916892673,0.0002733368505969622,9.753351570922655e-11,Perdidas
1751423319.2858815,0.2655760034097952,0.0003672926225398892,8.985280327197056e-11,Perdidas
1377667587.5823758,0.206302271912993,0.0004975032175063128,7.920832539115846e-11,Perdidas
1484142808.3141334,0.22318812304349422,0.00046040893194854187,8.224071536085361e-11,Perdidas
1674998230.47667,0.25345578742528146,0.00039391791665605654,8.767623419659892e-11,Perdidas
1499315852.8938265,0.22559440847036005,0.000455122882813806,8.26728402052727e-11,Perdidas
1534941108.4631367,0.2312441996414434,0.00044271160633018364,8.368743934781272e-11,Perdidas
2012477228.678688,0.30697641019690697,0.0002763455627973687,9.72875589921467e-11,Perdidas
2085311614.3971355,0.3185271784035455,0.00025097121293740085,9.936186566353593e-11,Perdidas
1237155895.205582,0.18401859404632062,0.0005464552723169007,7.520658448224111e-11,Perdidas
2146083570.3146574,0.32816497199984074,0.00022979922314281712,1.0109263708900511e-10,Perdidas
2353882022.839128,0.36111962295394934,0.00015740552361882484,1.0701068956001946e-10,Perdidas
1694811803.515743,0.2565980119015657,0.00038701518068443805,8.824052023174012e-11,Perdidas
1574218561.8915675,0.2374731910144555,0.00042902796178412734,8.480605225129381e-11,Perdidas
-308780540.01329374,-0.06115067935756785,0.0010850351145380434,3.11786678672182e-11,Perdidas
2000853412.786459,0.30513299514337994,0.00028039511670309447,9.695651537017592e-11,Perdidas
715597747.9605169,0.10130495260229394,0.000728157894917052,6.035272756183001e-11,Perdidas
868515900.0407162,0.12555616460666058,0.0006748836254556159,6.470780160972072e-11,Perdidas
2378519035.3232484,0.3650267942398885,0.00014882237751125593,1.0771234604898148e-10,Perdidas
848187912.724833,0.12233235943171306,0.0006819655752381836,6.412886517345759e-11,Perdidas
2374569342.610653,0.36440041448037486,0.0001501983880829135,1.0759985970255515e-10,Perdidas
15707963267.948965,109955742875.64276,1.25663706e-06,6.896714200648799e-10,Conductor
18849555.92153876,15000.0,1.25663706e-06,2.8294212105225844e-11,Conductor
6283185.307179586,4.0,1.25663706e-06,7.161972439135292e-10,Conductor
6283185307.179586,110000.00000000001,1.25663706e-06,8.841941282883075e-12,Conductor
40000000000.0,15000000.0,1.25663706e-06,1.8568076694054457e-11,Conductor
100000000.0,3.0,2.51327412e-05,8.841941282883075e-12,Conductor
50000000.0,0.08,2.63893783e-06,3.183098861837907e-11,Conductor
31415926.535897933,1.012777777777778,6.28318531e-06,1.768388256576615e-11,Conductor
50265482.45743669,25.0,1.25663706e-06,7.161972439135292e-10,Conductor
628318530.7179586,61000000.0,1.25663706e-06,8.841941282883075e-12,Conductor
6283185.307179586,36.48,1.25663706e-06,8.841941282883075e-12,Conductor
62831853071.79586,58000000.0,1.25663706e-06,8.841941282883075e-12,Conductor
6521.946348852411,61000000.0,1.25663706e-06,8.841941282883075e-12,Conductor
75398223.68615504,0.1566,1.25663706e-06,8.841941282883075e-12,Conductor
2633002024.7580786,2251686192.2757816,1.5952747727571926e-05,5.472232877247062e-11,Conductor
611869647.1351299,464662175.46269417,1.9940579611704036e-05,2.0307359863879398e-11,Conductor
7444739247.394953,6506078469.914961,6.458862355717137e-06,1.3665451131863125e-10,Conductor
711949997.2748222,553150189.0588322,1.974311426223912e-05,2.2011484826970264e-11,Conductor
4559584605.771931,3955112143.3728724,1.2151469033983135e-05,8.7527344594049e-11,Conductor
4391424869.023186,3806430398.6449995,1.2483259651588595e-05,8.466399324905134e-11,Conductor
2596527884.264941,2219436862.2588587,1.602471369180823e-05,5.4101262866577226e-11,Conductor
3527673237.861891,3042727374.2730513,1.4187500468692912e-05,6.995640365211381e-11,Conductor
1372352989.2178192,1137058507.209342,1.8440094164790643e-05,3.325654165080333e-11,Conductor
3605812387.9615755,3111815643.5163183,1.4033326601797076e-05,7.128692334048133e-11,Conductor
2480325571.1458607,2116694297.4213905,1.6253988772647403e-05,5.212262008326636e-11,Conductor
2865243932.8322,2457027451.479723,1.5494518619917486e-05,5.867684364449642e-11,Conductor
4747525615.422785,4121283890.314641,1.178064861721107e-05,9.07275229076488e-11,Conductor
2937228209.1674976,2520673767.806304,1.5352488738300486e-05,5.990256080157857e-11,Conductor
7014432152.689617,6125613973.20155,7.307887571102765e-06,1.2932742802147128e-10,Conductor
1747595807.7318497,1468836839.1214056,1.7699714517950406e-05,3.964601424315305e-11,Conductor
1011155362.5763111,817698508.4430084,1.915276169114431e-05,2.710622451752179e-11,Conductor
6623429185.608475,5779900995.390093,8.079363064830829e-06,1.2266959842839411e-10,Conductor
9111330377.477484,7979627856.7036915,3.1705645084621583e-06,1.6503250504142744e-10,Conductor
3871008365.6807423,3346293892.736068,1.351007686951785e-05,7.580256587282378e-11,Conductor
4684736336.722214,4065767512.3284273,1.1904536142024404e-05,8.965837419764968e-11,Conductor
3489583252.2146006,3009049362.923876,1.4262654605508554e-05,6.930782383305125e-11,Conductor
2709835164.5077343,2319619726.733961,1.5801150708077335e-05,5.6030610280851434e-11,Conductor
7132120070.24612,6229670064.475262,7.075681291491878e-06,1.3133136703529646e-10,Conductor
5246201880.235124,4562198335.949503,1.0796726371100014e-05,9.921876689491952e-11,Conductor
3484687298.3954563,3004720508.8829994,1.4272314655963133e-05,6.922445764668502e-11,Conductor
-266869020.2049446,-312291932.25680923,2.1674390872280577e-05,5.344577489944638e-12,Conductor
-169369261.32510567,-226085599.27199364,2.148201720519129e-05,7.004761259990961e-12,Conductor
5383887515.765796,4683935803.612487,1.0525063231448586e-05,1.0156321841052019e-10,Conductor
5086876447.374815,4421327615.078973,1.1111086305237895e-05,9.650584225972857e-11,Conductor
7693721564.881812,6726221091.960376,5.967603279739665e-06,1.408940746495482e-10,Conductor
8991344841.994358,7873540281.267045,3.4073041447827704e-06,1.6298944318221914e-10,Conductor
9991298041.04221,8757668605.651817,1.4343283546008387e-06,1.800162142320955e-10,Conductor
5811201669.375549,5061754032.482224,9.681943292758553e-06,1.0883933919978603e-10,Conductor
5561161610.770328,4840676187.78489,1.01752893640282e-05,1.0458176511009604e-10,Conductor
8407193105.404655,7357051013.020008,4.559875320295421e-06,1.5304275979066516e-10,Conductor
1314879692.5430145,1086242359.4792795,1.8553492894880516e-05,3.227791118600224e-11,Conductor
9668617542.141382,8472364284.3330965,2.070998963686708e-06,1.7452175010889871e-10,Conductor
4774011560.987605,4144701960.974616,1.172839004208053e-05,9.117851414563984e-11,Conductor
7158951139.702217,6253393283.224157,7.022741763409989e-06,1.3178823489379954e-10,Conductor
2679304158.681324,2292625136.3383408,1.586139046270062e-05,5.5510741504368963e-11,Conductor
5815229242.412653,5065315090.543765,9.673996616751154e-06,1.0890791897337416e-10,Conductor
8155108457.149567,7134165404.096394,5.057255506245521e-06,1.4875037131176935e-10,Conductor
4129302524.950096,3574669763.1774406,1.3000444895272379e-05,8.020068722249019e-11,Conductor
2534580638.644905,2164664984.412529,1.6146939827984565e-05,5.304645193207832e-11,Conductor
3798492836.790864,3282177858.9953575,1.3653154948620152e-05,7.456780277676656e-11,Conductor
2974242094.263098,2553400323.648821,1.5279457821189834e-05,6.053281724536944e-11,Conductor
6246705934.435347,5446813709.771497,8.822663706171783e-06,1.1625491766833693e-10,Conductor
5298003472.957542,4607999734.872717,1.069451829933074e-05,1.0010082203524351e-10,Conductor
6379933074.919298,5564609111.187092,8.559797481012156e-06,1.1852345185654685e-10,Conductor
5286866948.418167,4598153157.263041,1.0716491420996712e-05,9.991119410685263e-11,Conductor
6871385101.3887615,5999136104.142042,7.590129149350866e-06,1.2689168463450197e-10,Conductor
10061206574.043554,8819479612.608473,1.2963940560055426e-06,1.81206586528499e-10,Conductor
3411059278.1291494,2939620843.9708786,1.4417587756347001e-05,6.797075152811488e-11,Conductor
5434379493.2429695,4728579280.411475,1.0425439119784428e-05,1.024229739882592e-10,Conductor
9725559404.896965,8522710554.291907,1.9586487889269307e-06,1.7549133154652597e-10,Conductor
2414236528.616682,2058260368.2263489,1.638438695631293e-05,5.099728442043599e-11,Conductor
7200282690.13538,6289937387.951752,6.941191798418664e-06,1.324920106775382e-10,Conductor
3849395998.0280457,3327184892.017874,1.3552719543382871e-05,7.54345598139216e-11,Conductor
1483952696.9135113,1235731587.7702856,1.8219900338034913e-05,3.515681325749153e-11,Conductor
3580284022.1227016,3089244235.8395433,1.4083695806886838e-05,7.08522373563474e-11,Conductor
8344420853.000034,7301549689.16885,4.683729251066815e-06,1.5197390099707738e-10,Conductor
2625371235.653384,2244939279.728983,1.5967803794373734e-05,5.459239499243048e-11,Conductor
6423073574.393589,5602752633.853598,8.474678336316006e-06,1.1925802964301276e-10,Conductor
7072774499.473695,6177198508.709808,7.192774145937479e-06,1.303208562960654e-10,Conductor
6052926384.802863,5275479702.660225,9.20500396011696e-06,1.1295532321843453e-10,Conductor
5119188328.039876,4449896801.0542,1.1047332763224012e-05,9.705603500354778e-11,Conductor
3834654633.0770416,3314151023.727152,1.3581805260784707e-05,7.518355022045021e-11,Conductor
8101024625.269569,7086346118.451925,5.163966591365414e-06,1.4782945518909726e-10,Conductor
884034669.0045166,705302242.3884792,1.9403579480503953e-05,2.4941668269079966e-11,Conductor
2404175299.8415318,2049364534.554638,1.640423844617441e-05,5.082596616374356e-11,Conductor
9397351461.063423,8232519033.621115,2.6062254234589844e-06,1.6990274847911285e-10,Conductor
-86927384.18632698,-153192989.13459015,2.1319353764695432e-05,8.408545925413952e-12,Conductor
4659378721.5512495,4043347077.2192183,1.1954568444412856e-05,8.922659568211716e-11,Conductor
7771270709.77466,6794787696.474339,5.814593533314944e-06,1.4221454798416175e-10,Conductor
347381949.8726349,230810166.3649311,2.046243185838593e-05,1.5803777625145046e-11,Conductor
5439256120.111333,4732891046.147993,1.0415817202720517e-05,1.0250601108365762e-10,Conductor
-239462272.94334412,-288059716.6328106,2.162031549266655e-05,5.811247741401834e-12,Conductor
3303296311.386135,2844340093.5238028,1.463021143179961e-05,6.613581028872901e-11,Conductor
619201814.3548183,471145055.5857105,1.9926112746226945e-05,2.0432208839479375e-11,Conductor
2785974660.6553097,2386939962.533551,1.5650922294668732e-05,5.732708072566039e-11,Conductor
1562611781.2667294,1305279567.12879,1.806470060543288e-05,3.6496186161693866e-11,Conductor
3994175418.603386,3455194469.5066586,1.3267059882527038e-05,7.789980123643752e-11,Conductor
3587517925.481036,3095640234.0333138,1.406942282270308e-05,7.097541313737054e-11,Conductor
2626601832.9383783,2246027336.5666533,1.5965375742087818e-05,5.461334907132752e-11,Conductor
8738925888.492739,7650359089.772437,3.905343937761044e-06,1.586913622980199e-10,Conductor
8468987590.272247,7411687824.437008,4.4379505914915e-06,1.5409496958107075e-10,Conductor
644501141.4017067,493513954.1014881,1.987619545027856e-05,2.0862994850018167e-11,Conductor
8128878348.915115,7110973537.053177,5.109009296892625e-06,1.4830373636130694e-10,Conductor
5475732846.368485,4765142662.419122,1.0343846136595638e-05,1.0312712101882352e-10,Conductor
6641907794.609385,5796239221.647573,8.042903510293927e-06,1.2298424419889446e-10,Conductor
865806246.1956272,689185223.1824322,1.94395454006384e-05,2.4631282560965974e-11,Conductor
7039338898.327068,6147635763.128603,7.2587448650224185e-06,1.297515293253825e-10,Conductor
4967059838.186807,4315389399.154739,1.1347492638469015e-05,9.446565680448999e-11,Conductor
1227666854.1129093,1009131409.9073687,1.8725569767057625e-05,3.079288865297448e-11,Conductor
721858450.2883701,561910943.0305729,1.9723564209364146e-05,2.218020168399994e-11,Conductor
4572345077.665783,3966394566.0348663,1.212629175354457e-05,8.774462439637564e-11,Conductor
1885716553.1405907,1590959017.75665,1.7427192876864793e-05,4.1997874621771e-11,Conductor
809348151.2846737,639266686.095789,1.9550941068480826e-05,2.3669938513188213e-11,Conductor
2715902914.657895,2324984647.590412,1.5789178623625244e-05,5.613392930887496e-11,Conductor
7871346178.062502,6883271393.684967,5.61713781607634e-06,1.4391858982118845e-10,Conductor
2989031586.1901217,2566476744.3537035,1.525027714598534e-05,6.078464632419556e-11,Conductor
6457159985.943956,5632890806.277079,8.407423523963698e-06,1.19838438332072e-10,Conductor
4553566880.752167,3949791453.221175,1.2163342415444659e-05,8.742487737233282e-11,Conductor
5550958675.560164,4831655061.576426,1.0195420450340654e-05,1.0440803393745157e-10,Conductor
1682355142.2519836,1411153019.2112494,1.7828438795896312e-05,3.853512437818241e-11,Conductor
2607485069.2671967,2229124873.283016,1.6003094419267695e-05,5.428783707881254e-11,Conductor
6720370798.920013,5865613832.97279,7.888090656975177e-06,1.2432027833684675e-10,Conductor
2147117733.497552,1822082022.1145191,1.6911430538327003e-05,4.644890098414818e-11,Conductor
6386473199.014539,5570391690.774916,8.546893370582805e-06,1.1863481426402102e-10,Conductor
3919662330.9078712,3389312254.7873087,1.3414079281249836e-05,7.663102457207069e-11,Conductor
6252029607.3694,5451520740.095755,8.81215973676228e-06,1.1634556687099848e-10,Conductor
1667898158.2571697,1398370591.9464903,1.785696341029624e-05,3.8288957100767985e-11,Conductor
2016673772.7950974,1706747423.9435349,1.716880536015511e-05,4.422775757880219e-11,Conductor
4758496166.034639,4130983718.805887,1.1759002973412176e-05,9.091432470370985e-11,Conductor
2647500780.34328,2264505552.7152643,1.5924140694978195e-05,5.496920731847899e-11,Conductor
7849201426.037146,6863691674.833387,5.660830920580843e-06,1.4354151855120197e-10,Conductor
9240203394.496025,8093573474.06209,2.916289265553397e-06,1.6722689909644014e-10,Conductor
2495945787.7734337,2130505219.7391682,1.6223169021010082e-05,5.238859438338401e-11,Conductor
3448621056.3079147,2972831830.278764,1.4343475808854405e-05,6.861033725861214e-11,Conductor
1812525562.6168728,1526245761.3028345,1.7571603687790978e-05,4.075161005684168e-11,Conductor
731543443.1407185,570474120.2976475,1.9704455058611926e-05,2.2345113557949294e-11,Conductor
7219578966.312994,6306998570.755131,6.903118930833113e-06,1.3282057933145548e-10,Conductor
128827746.96056175,37571161.38760567,2.0893654191189723e-05,1.2082331082931429e-11,Conductor
8627659830.112686,7551981011.828265,4.124879451684938e-06,1.5679677192772733e-10,Conductor
5643289183.971702,4913290899.902875,1.0013246066614888e-05,1.0598019794386591e-10,Conductor
4269240295.523988,3698398500.415786,1.2724338139739005e-05,8.258348712058595e-11,Conductor
6632476032.945533,5787899943.725569,8.061513018658184e-06,1.2282364423621588e-10,Conductor
6917818393.578722,6040191014.37051,7.498513100283301e-06,1.2768233067269983e-10,Conductor
4374774854.07277,3791708959.8485546,1.251611126547874e-05,8.438048398801025e-11,Conductor
6348556060.652996,5536866505.75928,8.621706467927296e-06,1.1798917761386258e-10,Conductor
95223875.94532013,7859636.686412811,2.0959956918189944e-05,1.1510138885625689e-11,Conductor
7803334936.909091,6823137914.700602,5.7513286285900385e-06,1.4276052379065855e-10,Conductor
8039259658.660717,7031735406.185027,5.285833078633714e-06,1.467777480228483e-10,Conductor
5560273425.736924,4839890881.486481,1.0177041813612617e-05,1.0456664147908201e-10,Conductor
5770610941.774302,5025864940.858916,9.762031563829025e-06,1.0814817782716138e-10,Conductor
714282133.8675652,555212193.5805855,1.9738512797849326e-05,2.20511954412865e-11,Conductor
3725015565.13029,3217211481.433402,1.3798130611734158e-05,7.331666354032485e-11,Conductor
8311618099.710259,7272546488.490148,4.748451318213219e-06,1.51415349886283e-10,Conductor
1081276323.2688332,879697337.5285702,1.9014408258241274e-05,2.830021394087259e-11,Conductor
7524865757.288641,6576923902.479767,6.300767292545632e-06,1.380188709109447e-10,Conductor
9427139912.706352,8258857080.103848,2.5474507788311474e-06,1.704099733637749e-10,Conductor
-119240800.62982559,-181763532.99858475,2.1383110336904806e-05,7.85832703102303e-12,Conductor
2923692144.8123264,2508705589.787075,1.5379196315507626e-05,5.967207454591047e-11,Conductor
814056532.4028053,643429694.0370636,1.9541651111744983e-05,2.375011079264119e-11,Conductor
2917456534.5941916,2503192252.1439476,1.5391499599310414e-05,5.956589726917236e-11,Conductor
1037723646.0275269,841189379.7676563,1.9100340657754094e-05,2.7558617769468793e-11,Conductor
6305055581.2186365,5498404699.717901,8.707535877610691e-06,1.172484702441637e-10,Conductor
7643732601.011767,6682022364.553696,6.066234911285811e-06,1.4004288417018752e-10,Conductor
1649868669.500906,1382429464.2029428,1.7892536819991153e-05,3.7981958755753916e-11,Conductor
6837372575.477025,5969063259.161827,7.657238180304203e-06,1.263125340381755e-10,Conductor
6439630526.979902,5617391789.727087,8.442010340810724e-06,1.1953995427832494e-10,Conductor
5622147627.947572,4894598176.563124,1.0054959797059573e-05,1.0562020866196377e-10,Conductor
3969795482.4110794,3433638468.5309763,1.3315163157679718e-05,7.748467021615351e-11,Conductor
5267447048.515446,4580982670.10718,1.0754808206614588e-05,9.958052044155508e-11,Conductor
8833915392.77043,7734345931.68778,3.7179231740295835e-06,1.6030880253724063e-10,Conductor
6279180348.047464,5475526602.454473,8.75858947557972e-06,1.1680787795295727e-10,Conductor
1846759449.331398,1556514326.7986116,1.750405789689206e-05,4.13345298892805e-11,Conductor
9627256687.592936,8435794269.794555,2.152606747694026e-06,1.7381747534734565e-10,Conductor
7888751510.583893,6898660661.394848,5.582795909157625e-06,1.4421496030349792e-10,Conductor
3848628586.834612,3326506370.2898464,1.3554233697952506e-05,7.5421492667675e-11,Conductor
6614339642.359105,5771864296.62245,8.097297352947406e-06,1.2251482561302403e-10,Conductor
